"Package Name","Target Version","CVE IDs Fixed"
"NetworkManager","1.54.3-3.el9_8","CVE-2025-9615"
"NetworkManager-cloud-setup","1.54.3-3.el9_8","CVE-2025-9615"
"NetworkManager-libnm","1.54.3-3.el9_8","CVE-2025-9615"
"NetworkManager-team","1.54.3-3.el9_8","CVE-2025-9615"
"NetworkManager-tui","1.54.3-3.el9_8","CVE-2025-9615"
"bind-libs","9.16.23-40.el9_8.2","CVE-2026-10723, CVE-2026-11331, CVE-2026-11622, CVE-2026-11721, CVE-2026-13204, CVE-2026-13321, CVE-2026-1519, CVE-2026-3039, CVE-2026-5946"
"bind-license","9.16.23-40.el9_8.2","CVE-2026-10723, CVE-2026-11331, CVE-2026-11622, CVE-2026-11721, CVE-2026-13204, CVE-2026-13321, CVE-2026-1519, CVE-2026-3039, CVE-2026-5946"
"bind-utils","9.16.23-40.el9_8.2","CVE-2026-10723, CVE-2026-11331, CVE-2026-11622, CVE-2026-11721, CVE-2026-13204, CVE-2026-13321, CVE-2026-1519, CVE-2026-3039, CVE-2026-5946"
"curl","7.76.1-40.el9","CVE-2025-9086, CVE-2026-1965, CVE-2026-3783, CVE-2026-8286, CVE-2026-9547"
"dracut","057-117.git20260625.el9_8","None"
"dracut-config-generic","057-117.git20260625.el9_8","None"
"dracut-network","057-117.git20260625.el9_8","None"
"dracut-squash","057-117.git20260625.el9_8","None"
"firewalld","1.3.4-18.el9_7","None"
"firewalld-filesystem","1.3.4-18.el9_7","None"
"glib2","2.68.4-19.el9_8.2","CVE-2025-13601, CVE-2025-14087, CVE-2025-14512, CVE-2026-15588, CVE-2026-58010, CVE-2026-58011, CVE-2026-58012, CVE-2026-58013, CVE-2026-58014, CVE-2026-58015, CVE-2026-58016"
"glibc","2.34-274.el9_8","CVE-2026-4046, CVE-2026-5435, CVE-2026-5450, CVE-2026-5928"
"glibc-common","2.34-274.el9_8","CVE-2026-4046, CVE-2026-5435, CVE-2026-5450, CVE-2026-5928"
"glibc-gconv-extra","2.34-274.el9_8","CVE-2026-4046, CVE-2026-5435, CVE-2026-5450, CVE-2026-5928"
"glibc-langpack-en","2.34-274.el9_8","CVE-2026-4046, CVE-2026-5435, CVE-2026-5450, CVE-2026-5928"
"gnutls","3.8.10-4.el9_8","CVE-2025-14831, CVE-2025-9820, CVE-2026-33845, CVE-2026-33846, CVE-2026-3832, CVE-2026-3833, CVE-2026-42009, CVE-2026-42010, CVE-2026-42011, CVE-2026-42012, CVE-2026-42013, CVE-2026-42014, CVE-2026-42015, CVE-2026-5260, CVE-2026-5419"
"insights-core","3.7.7-1.el9_8","None"
"insights-core-selinux","3.7.7-1.el9_8","None"
"iscsi-initiator-utils","6.2.1.11-0.git4b3e853.el9","CVE-2026-44943, CVE-2026-44944"
"iscsi-initiator-utils-iscsiuio","6.2.1.11-0.git4b3e853.el9","CVE-2026-44943, CVE-2026-44944"
"isns-utils-libs","0.101-4.el9","CVE-2026-55995"
"kernel","5.14.0-611.41.1.el9_7","CVE-2025-39797, CVE-2025-40026, CVE-2025-54518, CVE-2025-68214, CVE-2026-23002, CVE-2026-23415, CVE-2026-31530, CVE-2026-31554, CVE-2026-31555, CVE-2026-43450, CVE-2026-52923, CVE-2026-52950, CVE-2026-52973, CVE-2026-52976, CVE-2026-52977, CVE-2026-52993, CVE-2026-53006, CVE-2026-53059, CVE-2026-53202, CVE-2026-53264, CVE-2026-53281, CVE-2026-63807, CVE-2026-64017, CVE-2026-64368, CVE-2026-64530, CVE-2026-64531"
"kernel-core","5.14.0-611.41.1.el9_7","CVE-2025-39797, CVE-2025-40026, CVE-2025-54518, CVE-2025-68214, CVE-2026-23002, CVE-2026-23415, CVE-2026-31530, CVE-2026-31554, CVE-2026-31555, CVE-2026-43450, CVE-2026-52923, CVE-2026-52950, CVE-2026-52973, CVE-2026-52976, CVE-2026-52977, CVE-2026-52993, CVE-2026-53006, CVE-2026-53059, CVE-2026-53202, CVE-2026-53264, CVE-2026-53281, CVE-2026-63807, CVE-2026-64017, CVE-2026-64368, CVE-2026-64530, CVE-2026-64531"
"kernel-modules","5.14.0-611.41.1.el9_7","CVE-2025-39797, CVE-2025-40026, CVE-2025-54518, CVE-2025-68214, CVE-2026-23002, CVE-2026-23415, CVE-2026-31530, CVE-2026-31554, CVE-2026-31555, CVE-2026-43450, CVE-2026-52923, CVE-2026-52950, CVE-2026-52973, CVE-2026-52976, CVE-2026-52977, CVE-2026-52993, CVE-2026-53006, CVE-2026-53059, CVE-2026-53202, CVE-2026-53264, CVE-2026-53281, CVE-2026-63807, CVE-2026-64017, CVE-2026-64368, CVE-2026-64530, CVE-2026-64531"
"kernel-modules-core","5.14.0-611.41.1.el9_7","CVE-2025-39797, CVE-2025-40026, CVE-2025-54518, CVE-2025-68214, CVE-2026-23002, CVE-2026-23415, CVE-2026-31530, CVE-2026-31554, CVE-2026-31555, CVE-2026-43450, CVE-2026-52923, CVE-2026-52950, CVE-2026-52973, CVE-2026-52976, CVE-2026-52977, CVE-2026-52993, CVE-2026-53006, CVE-2026-53059, CVE-2026-53202, CVE-2026-53264, CVE-2026-53281, CVE-2026-63807, CVE-2026-64017, CVE-2026-64368, CVE-2026-64530, CVE-2026-64531"
"kernel-tools","5.14.0-687.30.1.el9_8","CVE-2025-39797, CVE-2025-40026, CVE-2025-54518, CVE-2025-68214, CVE-2026-23002, CVE-2026-23415, CVE-2026-31530, CVE-2026-31554, CVE-2026-31555, CVE-2026-43450, CVE-2026-52923, CVE-2026-52950, CVE-2026-52973, CVE-2026-52976, CVE-2026-52977, CVE-2026-52993, CVE-2026-53006, CVE-2026-53059, CVE-2026-53202, CVE-2026-53264, CVE-2026-53281, CVE-2026-63807, CVE-2026-64017, CVE-2026-64368, CVE-2026-64530, CVE-2026-64531"
"kernel-tools-libs","5.14.0-687.30.1.el9_8","CVE-2025-39797, CVE-2025-40026, CVE-2025-54518, CVE-2025-68214, CVE-2026-23002, CVE-2026-23415, CVE-2026-31530, CVE-2026-31554, CVE-2026-31555, CVE-2026-43450, CVE-2026-52923, CVE-2026-52950, CVE-2026-52973, CVE-2026-52976, CVE-2026-52977, CVE-2026-52993, CVE-2026-53006, CVE-2026-53059, CVE-2026-53202, CVE-2026-53264, CVE-2026-53281, CVE-2026-63807, CVE-2026-64017, CVE-2026-64368, CVE-2026-64530, CVE-2026-64531"
"libarchive","3.5.3-9.el9_7","CVE-2025-25724, CVE-2025-5914, CVE-2026-14164, CVE-2026-4111, CVE-2026-4424, CVE-2026-5121"
"libcurl","7.76.1-40.el9","CVE-2025-9086, CVE-2026-1965, CVE-2026-3783, CVE-2026-8286, CVE-2026-9547"
"libgcrypt","1.10.0-11.el9","CVE-2024-2236, CVE-2026-41989"
"libnghttp2","1.43.0-6.el9_8.1","CVE-2026-27135, CVE-2026-58055"
"linux-firmware","20260609-161.el9_8","None"
"linux-firmware-whence","20260609-161.el9_8","None"
"netronome-firmware","20260609-161.el9_8","None"
"openssh","9.9p1-7.el9_8","CVE-2025-61984, CVE-2025-61985, CVE-2026-3497, CVE-2026-35385, CVE-2026-35386, CVE-2026-35387, CVE-2026-35388, CVE-2026-35414, CVE-2026-55653, CVE-2026-55654, CVE-2026-55655, CVE-2026-59996, CVE-2026-60002"
"openssh-clients","9.9p1-7.el9_8","CVE-2025-61984, CVE-2025-61985, CVE-2026-3497, CVE-2026-35385, CVE-2026-35386, CVE-2026-35387, CVE-2026-35388, CVE-2026-35414, CVE-2026-55653, CVE-2026-55654, CVE-2026-55655, CVE-2026-59996, CVE-2026-60002"
"openssh-server","9.9p1-7.el9_8","CVE-2025-61984, CVE-2025-61985, CVE-2026-3497, CVE-2026-35385, CVE-2026-35386, CVE-2026-35387, CVE-2026-35388, CVE-2026-35414, CVE-2026-55653, CVE-2026-55654, CVE-2026-55655, CVE-2026-59996, CVE-2026-60002"
"openssl","3.5.5-5.el9_8","CVE-2025-9230, CVE-2026-28390, CVE-2026-31790, CVE-2026-34180, CVE-2026-34181, CVE-2026-34182, CVE-2026-34183, CVE-2026-42764, CVE-2026-42766, CVE-2026-42767, CVE-2026-42768, CVE-2026-42769, CVE-2026-42770, CVE-2026-45445, CVE-2026-45446, CVE-2026-45447, CVE-2026-7383, CVE-2026-9076"
"openssl-libs","3.5.5-5.el9_8","CVE-2025-9230, CVE-2026-28390, CVE-2026-31790, CVE-2026-34180, CVE-2026-34181, CVE-2026-34182, CVE-2026-34183, CVE-2026-42764, CVE-2026-42766, CVE-2026-42767, CVE-2026-42768, CVE-2026-42769, CVE-2026-42770, CVE-2026-45445, CVE-2026-45446, CVE-2026-45447, CVE-2026-7383, CVE-2026-9076"
"p11-kit","0.26.2-1.el9","None"
"p11-kit-trust","0.26.2-1.el9","None"
"python-unversioned-command","3.9.25-7.el9_8.2","CVE-2025-12084, CVE-2025-15366, CVE-2025-15367, CVE-2026-0865, CVE-2026-11940, CVE-2026-1299, CVE-2026-15308, CVE-2026-4519, CVE-2026-4786, CVE-2026-6100"
"python3","3.9.25-7.el9_8.2","CVE-2025-12084, CVE-2025-15366, CVE-2025-15367, CVE-2026-0865, CVE-2026-11940, CVE-2026-1299, CVE-2026-15308, CVE-2026-4519, CVE-2026-4786, CVE-2026-6100"
"python3-firewall","1.3.4-18.el9_7","None"
"python3-idna","2.10-7.el9_4.1","CVE-2026-45409"
"python3-libs","3.9.25-7.el9_8.2","CVE-2025-12084, CVE-2025-15366, CVE-2025-15367, CVE-2026-0865, CVE-2026-11940, CVE-2026-1299, CVE-2026-15308, CVE-2026-4519, CVE-2026-4786, CVE-2026-6100"
"python3-perf","5.14.0-687.30.1.el9_8","CVE-2025-39797, CVE-2025-40026, CVE-2025-54518, CVE-2025-68214, CVE-2026-23002, CVE-2026-23415, CVE-2026-31530, CVE-2026-31554, CVE-2026-31555, CVE-2026-43450, CVE-2026-52923, CVE-2026-52950, CVE-2026-52973, CVE-2026-52976, CVE-2026-52977, CVE-2026-52993, CVE-2026-53006, CVE-2026-53059, CVE-2026-53202, CVE-2026-53264, CVE-2026-53281, CVE-2026-63807, CVE-2026-64017, CVE-2026-64368, CVE-2026-64530, CVE-2026-64531"
"sg3_utils","1.47-10.el9","None"
"sg3_utils-libs","1.47-10.el9","None"
"tzdata","2026b-1.el9","None"
"vim-common","8.2.2637-26.el9_8.10","CVE-2026-35177, CVE-2026-41411, CVE-2026-46483, CVE-2026-47162, CVE-2026-47167, CVE-2026-52858, CVE-2026-55693, CVE-2026-57455, CVE-2026-57456, CVE-2026-59856, CVE-2026-59858"
"vim-enhanced","8.2.2637-26.el9_8.10","CVE-2026-35177, CVE-2026-41411, CVE-2026-46483, CVE-2026-47162, CVE-2026-47167, CVE-2026-52858, CVE-2026-55693, CVE-2026-57455, CVE-2026-57456, CVE-2026-59856, CVE-2026-59858"
"vim-filesystem","8.2.2637-26.el9_8.10","CVE-2026-35177, CVE-2026-41411, CVE-2026-46483, CVE-2026-47162, CVE-2026-47167, CVE-2026-52858, CVE-2026-55693, CVE-2026-57455, CVE-2026-57456, CVE-2026-59856, CVE-2026-59858"
"vim-minimal","8.2.2637-26.el9_8.10","CVE-2026-35177, CVE-2026-41411, CVE-2026-46483, CVE-2026-47162, CVE-2026-47167, CVE-2026-52858, CVE-2026-55693, CVE-2026-57455, CVE-2026-57456, CVE-2026-59856, CVE-2026-59858"
"zabbix-proxy-sqlite3","7.4.12-release1.el9","None"
"zabbix-selinux-policy","7.4.12-release1.el9","None"
